A04003003-Gobierno de las Islas Baleares;;;;Darrera actualització: 26/03/2020;;;
;A04026906-Consejería de Administraciones Públicas y Modernización;;;;;;
;;A04026907-Dirección General de Emergencias e Interior;;;;;
;;A04026908-Dirección General de Función Pública y Administraciones Públicas;;;;;
;;A04027005-Dirección General de Modernización y Administración Digital;;;;;
;;A04027050-Ente Público de Radiotelevisión de las Islas Baleares;;;;;
;;A04027051-Entidad Pública Empresarial de Telecomunicación e Innovación;;;;;
;;A04026910-Escuela Balear de Administración Pública (EBAP);;;;;
;;;A04031352-Servicio de Selección y Provisión del Ebap;;;;
;;A04027052-Fundación Bit;;;;;
;;A04027053-Gestion de Emergencias de las Illes Balears;;;;;
;;A04026979-Secretaría Autonómica de Memoria Democrática y Buen Gobierno;;;;;
;;;A04027067-Comisión para las Reclamaciones de Acceso a la Información Pública;;;;
;;;A04026983-Dirección General de Memoria Democrática;;;;
;;;A04026984-Dirección General de Participación y Voluntariado;;;;
;;;A04026980-Dirección General de Transparencia y Buen Gobierno;;;;
;;A04027049-Secretaría General de Administraciones Públicas y Modernización;;;;;
;A04026949-Consejería de Agricultura, Pesca y Alimentación;;;;;;
;;A04027006-Dirección General de Agricultura, Ganadería y Desarrollo Rural;;;;;
;;A04026951-Dirección General de Pesca y Medio Marino;;;;;
;;A04026952-Dirección General de Políticas para la Soberanía Alimentaria;;;;;
;;A04026954-Fondo de Garantía Agraria y Pesquera de las Islas Baleares (FOGAIBA);;;;;
;;A04027054-Secretaría General de Agricultura, Pesca y Alimentación;;;;;
;;A04026955-Servicios de Mejora Agraria y Pesquera (SEMILLA);;;;;
;A04026929-Consejería de Asuntos Sociales y Deportes;;;;;;
;;A04005885-Consorcio de Gestión Sociosanitaria de Eivissa;;;;;
;;A04005883-Consorcio Protección y Acogida Personas Disminuidas Psíquicas Profundas de Baleares;;;;;
;;A04005884-Consorcio Recursos Sociosanitarios y Asistenciales de Les Illes Balears;;;;;
;;A04027056-Consorcio Velódromo Illes Balears;;;;;
;;A04026930-Dirección General de Atención a la Dependencia;;;;;
;;A04013498-Dirección General de Cooperación;;;;;
;;A04026936-Dirección General de Deportes;;;;;
;;;A04032430-Polideportivo Príncipes de España;;;;
;;A04026935-Dirección General de Infancia, Juventud y Famílias;;;;;
;;A04026931-Dirección General de Planificación, Equipamientos y Formación;;;;;
;;;A04030897-Eadisoc Equip D'avaluació Dificultats i Comunicació Eivissa i Formentera;;;;
;;A04026932-Dirección General de Servicios Sociales;;;;;
;;A04005599-Fundacion de Atencion y Apoyo a la Dependencia y de Promocion de la Autonomia Personal de las Illes Balears;;;;;
;;A04005600-Fundacion Instituto Socioeducativo S'Estel;;;;;
;;A04027057-Fundacion para el Deporte Balear;;;;;
;;A04027055-Instituto Balear de la Juventud;;;;;
;;A04005601-Oficina Balear de la Infancia y la Adolescencia;;;;;
;;A04003780-Secretaria General de Asuntos Sociales y Deportes;;;;;
;A04026923-Consejería de Educación, Universidad e Investigación;;;;;;
;;A04003718-Agencia de Calidad Universitaria de las Islas Baleares;;;;;
;;A04019979-Consejero de Educación y Universidad;;;;;
;;A04019990-Consejo Escolar de las Islas Baleares;;;;;
;;A04005870-Consorcio para el Fomento de Insfraestructuras Universitarias  ;;;;;
;;A04019983-Delegación Territorial de Educación en Ibiza y Formentera;;;;;
;;A04019984-Delegación Territorial de Educación en Menorca;;;;;
;;A04019980-Departamento de Inspección Educativa;;;;;
;;A04026924-Dirección General de Formación Profesional y Enseñanzas Artísticas Superiores;;;;;
;;;A04021477-Instituto de las Cualificaciones Profesionales de les Illes Balears;;;;
;;A04013518-Dirección General de Personal Docente;;;;;
;;;A04024768-Departamento de Nóminas de Centros Concertados;;;;
;;A04013522-Dirección General de Planificación, Ordenación y Centros;;;;;
;;;A04019236-Cc Aixa;;;;
;;;A04019237-Cc Arcàngel Sant Rafel;;;;
;;;A04019238-Cc Aula Balear;;;;
;;;A04019239-Cc Balmes;;;;
;;;A04019240-Cc Beata Francinaina Cirer;;;;
;;;A04019241-Cc Beato Ramón Llull;;;;
;;;A04019242-Cc Bisbe Verger;;;;
;;;A04019243-Cc Can Bonet;;;;
;;;A04019244-Cc Centro Internac. de Educación;;;;
;;;A04019245-Cc Coop. Son Verí Nou;;;;
;;;A04019246-Cc Cor de Maria;;;;
;;;A04019247-Cc Corpus Christi;;;;
;;;A04019248-Cc el Temple;;;;
;;;A04019249-Cc Es Liceu;;;;
;;;A04019250-Cc Escolania de Lluc ;;;;
;;;A04019251-Cc Escolàpies Palma;;;;
;;;A04019252-Cc Fra Joan Ballester;;;;
;;;A04019253-Cc Jesús María;;;;
;;;A04019254-Cc Juan de la Cierva;;;;
;;;A04019255-Cc la Immaculada;;;;
;;;A04019256-Cc la Milagrosa;;;;
;;;A04019257-Cc la Porciúncula;;;;
;;;A04019258-Cc la Purísima;;;;
;;;A04019264-Cc la Salle- Alaior;;;;
;;;A04019261-Cc la Salle- Maó;;;;
;;;A04019263-Cc la Salle- Marratxí;;;;
;;;A04019259-Cc la Salle- Palma;;;;
;;;A04019260-Cc la Salle-Inca;;;;
;;;A04019262-Cc la Salle-Manacor;;;;
;;;A04019265-Cc L'Assumpció;;;;
;;;A04019266-Cc Lladó;;;;
;;;A04019267-Cc Llaüt;;;;
;;;A04019268-Cc Madre Alberta;;;;
;;;A04019269-Cc Manjón;;;;
;;;A04019270-Cc Mare de Déu de Les Neus;;;;
;;;A04019271-Cc Mata de Jonc;;;;
;;;A04019272-Cc Montesion;;;;
;;;A04019274-Cc N. Señora de la Consolación-Alaró-07000030;;;;
;;;A04019275-Cc N. Señora de la Consolación-Ciutadella-07000807;;;;
;;;A04019278-Cc N. Señora de la Consolación-Eivissa-07001319;;;;
;;;A04019273-Cc Nostra Senyora de Gràcia;;;;
;;;A04019277-Cc N.Señora de la Consolación- Alcudia-07000111;;;;
;;;A04019276-Cc N.Señora de la Consolación- Palma-07007221;;;;
;;;A04019279-Cc Nuestra Señora de la Consolación-07003687;;;;
;;;A04019280-Cc Nuestra Señora de la Esperanza;;;;
;;;A04019281-Cc Nuestra Señora de Montesión;;;;
;;;A04019282-Cc Nuestra Señora de Montesión- S.Rapinya;;;;
;;;A04019283-Cc Pedro Poveda;;;;
;;;A04019284-Cc Pius XII;;;;
;;;A04019285-Cc Pureza de María- Inca;;;;
;;;A04019286-Cc Pureza de María- Manacor;;;;
;;;A04019288-Cc Ramon Llull- Andratx;;;;
;;;A04019287-Cc Ramon Llull- Sta Maria;;;;
;;;A04019289-Cc SA Real;;;;
;;;A04019290-Cc Sagrat Cor;;;;
;;;A04019291-Cc Sagrats Cors;;;;
;;;A04019292-Cc San Agustín;;;;
;;;A04019293-Cc San Alfonso María de Ligorio;;;;
;;;A04019295-Cc San Buenaventura- Artá;;;;
;;;A04019294-Cc San Buenaventura- Llucmajor;;;;
;;;A04019296-Cc San Felipe Neri;;;;
;;;A04019297-Cc San José;;;;
;;;A04019298-Cc San José de la Montaña;;;;
;;;A04019299-Cc San Vicente de Paúl;;;;
;;;A04019300-Cc San Vicente de Paúl- C/Marques;;;;
;;;A04019301-Cc Sant Alfons;;;;
;;;A04019302-Cc Sant Antoni Abat;;;;
;;;A04019303-Cc Sant Francesc;;;;
;;;A04019306-Cc Sant Francesc D'Assís- Ferreries;;;;
;;;A04019307-Cc Sant Francesc D'Assís- Manacor;;;;
;;;A04019308-Cc Sant Francesc D'Assís- Muro;;;;
;;;A04019304-Cc Sant Francesc D'Assís- Palma;;;;
;;;A04019305-Cc Sant Francesc D'Assís- SA Pobla;;;;
;;;A04019309-Cc Sant Francesc de Sales;;;;
;;;A04019310-Cc Sant Josep Obrer I;;;;
;;;A04019311-Cc Sant Josep Obrer II;;;;
;;;A04019312-Cc Sant Pere;;;;
;;;A04019313-Cc Sant Salvador;;;;
;;;A04019315-Cc Sant Vicenç de Paül- Inca;;;;
;;;A04019316-Cc Sant Vicenç de Paül- Llucmajor;;;;
;;;A04019317-Cc Sant Vicenç de Paül- Manacor;;;;
;;;A04019314-Cc Sant Vicenç de Paül- Palma;;;;
;;;A04019319-Cc Sant Vicenç de Paül- Palma C/Poll;;;;
;;;A04019318-Cc Sant Vicenç de Paül- Sóller;;;;
;;;A04019320-Cc Santa Magdalena Sofia;;;;
;;;A04019321-Cc Santa Maria;;;;
;;;A04019322-Cc Santa Mónica;;;;
;;;A04019323-Cc Santa Teresa;;;;
;;;A04019324-Cc Santísima Trinidad;;;;
;;;A04019325-Cc Santísima Trinidad- St. Antoni Portmany;;;;
;;;A04019326-Cc Santo Tomás de Aquino-Liceo Santa Teresa;;;;
;;;A04019327-Cc Toth Educatiu;;;;
;;;A04019328-Cc Verge de Monti-Sion;;;;
;;;A04019329-Cc Virgen del Carmen;;;;
;;;A04019330-Ccee Gaspar Hauser;;;;
;;;A04019331-Ccee Joan Mesquida;;;;
;;;A04019332-Ccee Juan Xxiii;;;;
;;;A04019333-Ccee Mater Misericordiae;;;;
;;;A04019334-Ccee Pinyol Vermell;;;;
;;;A04019335-Ccee Princesa de Asturias;;;;
;;;A04021367-Ccee Quatre per Quatre;;;;
;;;A04027426-Ccee Sant Josep;;;;
;;;A04019336-Cee Son Ferriol;;;;
;;;A04019338-Cei Aladern;;;;
;;;A04019339-Cei Àngel de la Guarda;;;;
;;;A04019340-Cei Angelets 2008;;;;
;;;A04019341-Cei Asima;;;;
;;;A04019342-Cei Baberitos;;;;
;;;A04019343-Cei Bella Aurora;;;;
;;;A04019344-Cei Blancanieves;;;;
;;;A04019345-Cei Blaucel;;;;
;;;A04019346-Cei Chiquitín;;;;
;;;A04019347-Cei Confits;;;;
;;;A04019348-Cei Corrillos;;;;
;;;A04019349-Cei D'Arrel;;;;
;;;A04019350-Cei Dues Llunes, Escola D'Infants;;;;
;;;A04019351-Cei el Trenet Blau;;;;
;;;A04019352-Cei Es Petit Castell;;;;
;;;A04019353-Cei Es Pontet;;;;
;;;A04019354-Cei Es Poriol;;;;
;;;A04019355-Cei Escola Nova;;;;
;;;A04019356-Cei Escoleta Lluna;;;;
;;;A04019357-Cei Estrelletes;;;;
;;;A04019358-Cei Eureka;;;;
;;;A04019359-Cei Gianni Rodari;;;;
;;;A04019360-Cei Happy Faces;;;;
;;;A04019361-Cei Hobbiton;;;;
;;;A04019362-Cei Hyades;;;;
;;;A04019363-Cei Itaca;;;;
;;;A04019364-Cei Itaca Nova;;;;
;;;A04019365-Cei Jardilín;;;;
;;;A04019366-Cei Joguina;;;;
;;;A04019367-Cei Kinder Blau;;;;
;;;A04019368-Cei Koala;;;;
;;;A04019369-Cei Koala Polígon;;;;
;;;A04019370-Cei la Cuna;;;;
;;;A04019371-Cei la Vall;;;;
;;;A04019372-Cei L'Escoleta;;;;
;;;A04019373-Cei Lluna de Paper;;;;
;;;A04019375-Cei Mafalda;;;;
;;;A04019374-Cei Mafalda- St Josep SA Talaia;;;;
;;;A04019376-Cei Mama Osa;;;;
;;;A04019377-Cei Maria Serra;;;;
;;;A04019378-Cei Mel I Sucre;;;;
;;;A04019379-Cei Menudall;;;;
;;;A04019380-Cei Món Petit;;;;
;;;A04019381-Cei Món Petitó;;;;
;;;A04019382-Cei Mondaura;;;;
;;;A04019383-Cei Nit I Dia;;;;
;;;A04019384-Cei Nuestra Señora de la Providencia- C/ Blatera;;;;
;;;A04019385-Cei Nuestra Señora de la Providencia C/Bisbe;;;;
;;;A04019386-Cei Patim-Patam;;;;
;;;A04019387-Cei Pekes;;;;
;;;A04019388-Cei Peter Pan;;;;
;;;A04019389-Cei Petit Angelet;;;;
;;;A04019390-Cei Petit Món;;;;
;;;A04019391-Cei Petits;;;;
;;;A04019981-Cei Petits Ferrerets;;;;
;;;A04019393-Cei Pica-Sol;;;;
;;;A04019394-Cei Pinocho;;;;
;;;A04019395-Cei Plou I Fa Sol;;;;
;;;A04019396-Cei Popeye;;;;
;;;A04019397-Cei Poporiol;;;;
;;;A04019398-Cei Pureza de María Jardines de Infancia;;;;
;;;A04019399-Cei Rin Tin Tin;;;;
;;;A04019400-Cei Ropit;;;;
;;;A04019401-Cei SA Costureta;;;;
;;;A04019402-Cei SA Miloca;;;;
;;;A04019403-Cei Sagrados Corazones;;;;
;;;A04019404-Cei San Francisco de Asis- Son Servera;;;;
;;;A04019405-Cei San Vicente de Paúl;;;;
;;;A04019406-Cei Sant Agustí;;;;
;;;A04019408-Cei Sant Francesc D'Assís- Felanitx;;;;
;;;A04019407-Cei Sant Francesc D'Assís- Palma;;;;
;;;A04019409-Cei Santa Catalina Thomàs;;;;
;;;A04019410-Cei S'Aucellet;;;;
;;;A04019411-Cei Serra Mamerra;;;;
;;;A04019412-Cei S'Estel;;;;
;;;A04019413-Cei Siervas de Jesús. Sagrado Corazón;;;;
;;;A04019414-Cei Siete Enanitos;;;;
;;;A04019415-Cei Sol Ixent;;;;
;;;A04019416-Cei Son Llatzer;;;;
;;;A04019417-Cei Son Oliva;;;;
;;;A04019418-Cei Teringa;;;;
;;;A04019419-Cei Virgen Milagrosa;;;;
;;;A04019420-Cei Voliaina;;;;
;;;A04019421-Cei Xipell;;;;
;;;A04019337-Cei 101 Dálmatas;;;;
;;;A04019422-CEIP Aina Moll I Marquès;;;;
;;;A04019423-CEIP Alexandre Rosselló;;;;
;;;A04019424-CEIP Angel Ruiz I Pablo;;;;
;;;A04019425-CEIP Anselm Turmeda;;;;
;;;A04019426-CEIP Antoni Juan Alemany;;;;
;;;A04019427-CEIP Antònia Alzina;;;;
;;;A04019428-CEIP Badies;;;;
;;;A04019429-CEIP Balansat;;;;
;;;A04019430-CEIP Bartomeu Ordines;;;;
;;;A04019431-CEIP Bendinat;;;;
;;;A04019432-CEIP Binissalem;;;;
;;;A04019433-CEIP Blai Bonet;;;;
;;;A04019434-CEIP Blanquerna;;;;
;;;A04019435-CEIP Buscastell;;;;
;;;A04019436-CEIP Calonge;;;;
;;;A04019437-CEIP Camilo Jose Cela;;;;
;;;A04019438-CEIP Can Bril;;;;
;;;A04019439-CEIP Can Canto;;;;
;;;A04019440-CEIP Can Coix;;;;
;;;A04019441-CEIP Can Guerxo;;;;
;;;A04019442-CEIP Can Misses;;;;
;;;A04019443-CEIP Can Pastilla;;;;
;;;A04019444-CEIP Can Raspalls;;;;
;;;A04019445-CEIP Cas Capiscol;;;;
;;;A04019446-CEIP Cas Saboners;;;;
;;;A04019447-CEIP Cas Serres;;;;
;;;A04019448-CEIP Castell de Santa Àgueda;;;;
;;;A04019449-CEIP Cervantes;;;;
;;;A04019450-CEIP Coll D' en Rabassa;;;;
;;;A04019451-CEIP Colònia de Sant Jordi;;;;
;;;A04019452-CEIP de Pràctiques;;;;
;;;A04019453-CEIP Duran Estrany;;;;
;;;A04019454-CEIP el Pilar;;;;
;;;A04019455-CEIP el Terreno;;;;
;;;A04019456-CEIP Eleonor Bosch;;;;
;;;A04019457-CEIP Els Molins- Andratx;;;;
;;;A04019458-CEIP Els Molins- Búger;;;;
;;;A04019459-CEIP Els Tamarells;;;;
;;;A04019685-CEIP Es Canyar;;;;
;;;A04019460-CEIP Es Cremat;;;;
;;;A04019461-CEIP Es Fossaret;;;;
;;;A04019462-CEIP Es Molinar, Infant Felip;;;;
;;;A04019463-CEIP Es Pil·Larí;;;;
;;;A04019464-CEIP Es Pont;;;;
;;;A04019465-CEIP Es Puig- Lloseta;;;;
;;;A04019466-CEIP Es Puig- Sóller;;;;
;;;A04019467-CEIP Es Putxet;;;;
;;;A04019468-CEIP Es Secar de la Real;;;;
;;;A04019469-CEIP Es Torrentet;;;;
;;;A04019470-CEIP Es Vedrà;;;;
;;;A04019471-CEIP Es Vinyet;;;;
;;;A04019472-CEIP Es Vivero;;;;
;;;A04019473-CEIP Escola Graduada;;;;
;;;A04019474-CEIP Escola Nova;;;;
;;;A04019475-CEIP Establiments;;;;
;;;A04019476-CEIP Felip Bauçà;;;;
;;;A04019477-CEIP Fornalutx;;;;
;;;A04019478-CEIP Fornells;;;;
;;;A04019479-CEIP Francesc D'Albranca;;;;
;;;A04019480-CEIP Gabriel Comas I Ribas;;;;
;;;A04019481-CEIP Gabriel Janer Manila;;;;
;;;A04019482-CEIP Gabriel Palmer;;;;
;;;A04019483-CEIP Gabriel Vallseca;;;;
;;;A04019484-CEIP Galatzó;;;;
;;;A04019485-CEIP Gaspar Sabater;;;;
;;;A04019486-CEIP Gènova;;;;
;;;A04019487-CEIP Guillem Ballester I Cerdó;;;;
;;;A04019488-CEIP Guillem de Montgrí;;;;
;;;A04019489-CEIP Guillem Frontera Pascual;;;;
;;;A04019490-CEIP Inspector Doctor Comas Camps;;;;
;;;A04019491-CEIP Inspector Joan Capó;;;;
;;;A04019492-CEIP Jafudà Cresques;;;;
;;;A04019493-CEIP Jaume Fornaris I Taltavull;;;;
;;;A04019494-CEIP Jaume I;;;;
;;;A04019495-CEIP Jaume Vidal I Alcover;;;;
;;;A04019496-CEIP Joan Benejam;;;;
;;;A04019497-CEIP Joan Capó;;;;
;;;A04019498-CEIP Joan Mas;;;;
;;;A04019499-CEIP Joan mas I Verd;;;;
;;;A04019500-CEIP Joan Veny I Clar;;;;
;;;A04019501-CEIP Juníper Serra;;;;
;;;A04019502-CEIP la Soledat;;;;
;;;A04019503-CEIP Labritja;;;;
;;;A04019504-CEIP Llevant;;;;
;;;A04019505-CEIP Llorenç Riber;;;;
;;;A04019506-CEIP L'Urgell;;;;
;;;A04019507-CEIP Mare de Déu de Gràcia;;;;
;;;A04019508-CEIP Mare de Déu de la Consolació;;;;
;;;A04019509-CEIP Mare de Déu del Carme;;;;
;;;A04019510-CEIP Mare de Déu del Toro- Ciutadella;;;;
;;;A04019511-CEIP Mare de Déu del Toro- Mercadal;;;;
;;;A04019512-CEIP Margalida Florit;;;;
;;;A04019513-CEIP Maria Antònia Salvà;;;;
;;;A04019514-CEIP Maria de la Salut;;;;
;;;A04019515-CEIP Maria Lluïsa Serra;;;;
;;;A04019516-CEIP Marian Aguiló;;;;
;;;A04019517-CEIP Mateu Fontirroig;;;;
;;;A04019518-CEIP Melcior Rosselló I Simonet;;;;
;;;A04019519-CEIP Mestre Colom;;;;
;;;A04019520-CEIP Mestre Duran;;;;
;;;A04019521-CEIP Mestre Guillem Galmés;;;;
;;;A04019522-CEIP Mestre Guillemet;;;;
;;;A04019523-CEIP Mestre Lluís Andreu;;;;
;;;A04019524-CEIP Mestre Pere Garau;;;;
;;;A04019525-CEIP Migjorn;;;;
;;;A04019526-CEIP Miquel Capllonch;;;;
;;;A04019527-CEIP Miquel Costa I Llobera- Marratxi;;;;
;;;A04019529-CEIP Miquel Costa I Llobera- Palma;;;;
;;;A04019528-CEIP Miquel Costa I Llobera- Pollença;;;;
;;;A04019530-CEIP Miquel Duran I Saurina;;;;
;;;A04019531-CEIP Miquel Porcel;;;;
;;;A04019532-CEIP Mitjà de Mar;;;;
;;;A04019533-CEIP Molí D'En Xema;;;;
;;;A04019534-CEIP Montaura;;;;
;;;A04019535-CEIP Na Caragol;;;;
;;;A04019536-CEIP Na Penyal;;;;
;;;A04019537-CEIP Nadal Campaner Arrom;;;;
;;;A04019538-CEIP Nicolau Calafat;;;;
;;;A04019539-CEIP Norai;;;;
;;;A04019540-CEIP Nostra Senyora de Jesús;;;;
;;;A04022406-CEIP Nou D'alcúdia;;;;
;;;A04019541-CEIP Nou de Campos;;;;
;;;A04030892-Ceip Nou de Sa Pobla;;;;
;;;A04022407-CEIP Nou D'inca;;;;
;;;A04019542-CEIP Nova Cabana;;;;
;;;A04019543-CEIP Pare Bartomeu Pou;;;;
;;;A04019544-CEIP Pere Casasnovas;;;;
;;;A04019545-CEIP Pere Cerdà;;;;
;;;A04019546-CEIP Pere Rosselló I Oliver;;;;
;;;A04019547-CEIP Pintor Joan Miró;;;;
;;;A04019548-CEIP Pintor Torrent;;;;
;;;A04019549-CEIP Poeta Villangómez;;;;
;;;A04019550-CEIP Ponent;;;;
;;;A04019551-CEIP Port de Pollença;;;;
;;;A04019552-CEIP Porta Des Moll;;;;
;;;A04019553-CEIP Portal Nou;;;;
;;;A04019554-CEIP Puig de Na Fàtima;;;;
;;;A04019555-CEIP Puig de SA Ginesta;;;;
;;;A04019556-CEIP Puig de SA Morisca;;;;
;;;A04019557-CEIP Puig D'En Valls;;;;
;;;A04019558-CEIP Punta de N'Amer;;;;
;;;A04019559-CEIP Rafal Nou;;;;
;;;A04019560-CEIP Rafal Vell;;;;
;;;A04019561-CEIP Rei Jaume I;;;;
;;;A04019562-CEIP Rei Jaume III;;;;
;;;A04019563-CEIP Reina Sofia;;;;
;;;A04019564-CEIP Robert Graves;;;;
;;;A04019565-CEIP Robines;;;;
;;;A04019566-CEIP Rodamilans;;;;
;;;A04019567-CEIP Rosa Dels Vents;;;;
;;;A04019568-CEIP SA Blanca Dona;;;;
;;;A04019569-CEIP SA Bodega;;;;
;;;A04019570-CEIP SA Casa Blanca;;;;
;;;A04019571-CEIP SA Garriga;;;;
;;;A04019572-CEIP SA Graduada- Eivissa;;;;
;;;A04019573-CEIP SA Graduada- Maó;;;;
;;;A04019574-CEIP SA Graduada- SA Pobla;;;;
;;;A04019575-CEIP SA Indioteria;;;;
;;;A04019576-CEIP SA Joveria;;;;
;;;A04019577-CEIP SA Marina de Llucmajor;;;;
;;;A04019578-CEIP S'Albufera;;;;
;;;A04019580-CEIP S'Algar- Felanitx;;;;
;;;A04019579-CEIP S'Algar- Llucmajor;;;;
;;;A04019581-CEIP S'Alzinar;;;;
;;;A04019582-CEIP Sant Antoni de Portmany;;;;
;;;A04019583-CEIP Sant Carles;;;;
;;;A04019584-CEIP Sant Ciriac;;;;
;;;A04019585-CEIP Sant Domingo;;;;
;;;A04019586-CEIP Sant Ferran de Ses Roques;;;;
;;;A04019588-CEIP Sant Jordi- Palma;;;;
;;;A04019587-CEIP Sant Jordi- S.Josep SA Talaia;;;;
;;;A04019589-CEIP Sant Lluís;;;;
;;;A04019590-CEIP Sant Mateu de Baix;;;;
;;;A04019591-CEIP Sant Miquel;;;;
;;;A04019592-CEIP Sant Rafel;;;;
;;;A04019593-CEIP Santa Agnès de Corona;;;;
;;;A04019594-CEIP Santa Catalina;;;;
;;;A04019595-CEIP Santa Eulària;;;;
;;;A04019596-CEIP Santa Gertrudis;;;;
;;;A04019597-CEIP Santa Isabel;;;;
;;;A04019598-CEIP Santa Maria del Mar;;;;
;;;A04019599-CEIP S'Aranjassa;;;;
;;;A04019600-CEIP S'Auba;;;;
;;;A04019601-CEIP Ses Bassetes;;;;
;;;A04019602-CEIP Ses Cases Noves;;;;
;;;A04019603-CEIP Ses Comes;;;;
;;;A04019604-CEIP Ses Marjades;;;;
;;;A04021368-CEIP Ses Planes;;;;
;;;A04019605-CEIP Ses Quarterades;;;;
;;;A04019606-CEIP Ses Roques;;;;
;;;A04019607-CEIP Ses Rotes Velles;;;;
;;;A04019608-CEIP Ses Salines;;;;
;;;A04019609-CEIP S'Hort Des Fassers;;;;
;;;A04019686-CEIP Simó Ballester;;;;
;;;A04019610-CEIP S'Olivar;;;;
;;;A04019611-CEIP S'Olivera;;;;
;;;A04019612-CEIP Son Anglada;;;;
;;;A04019613-CEIP Son Basca;;;;
;;;A04019614-CEIP Son Caliu;;;;
;;;A04019615-CEIP Son Canals;;;;
;;;A04019616-CEIP Son Ferrer;;;;
;;;A04019617-CEIP Son Ferriol;;;;
;;;A04019618-CEIP Son Juny;;;;
;;;A04019619-CEIP Son Oliva;;;;
;;;A04019620-CEIP Son Pisà;;;;
;;;A04019621-CEIP Son Quint;;;;
;;;A04019622-CEIP Son Rullan;;;;
;;;A04019623-CEIP Son Serra (INTEGRAT MÚSICA);;;;
;;;A04019624-CEIP Son Verí;;;;
;;;A04019625-CEIP Talaiot;;;;
;;;A04019626-CEIP Torres de Balàfia;;;;
;;;A04019627-CEIP Tramuntana;;;;
;;;A04019628-CEIP Tresorer Cladera;;;;
;;;A04019629-CEIP Urbanitzacions de Llucmajor;;;;
;;;A04019630-CEIP Vara de Rey;;;;
;;;A04019631-CEIP Venda D'Arabí;;;;
;;;A04019632-CEIP Verge de Lluc;;;;
;;;A04019633-CEIP Vialfàs;;;;
;;;A04019634-CEIP Vora Mar;;;;
;;;A04019635-CEIP Xaloc;;;;
;;;A04019636-Cep de Formentera;;;;
;;;A04019637-Cep de Manacor;;;;
;;;A04019638-Cep de Menorca;;;;
;;;A04019639-Cep de Palma;;;;
;;;A04019640-Cep D'Eivissa;;;;
;;;A04019641-Cep D'Inca;;;;
;;;A04019642-Cepa Alcúdia;;;;
;;;A04019643-Cepa Amanecer;;;;
;;;A04019644-Cepa Artà;;;;
;;;A04019645-Cepa Aula D'Alaior;;;;
;;;A04019646-Cepa Aula D'Andratx;;;;
;;;A04019647-Cepa Aula de Cala Rajada;;;;
;;;A04019648-Cepa Aula de Felanitx;;;;
;;;A04019649-Cepa Aula de Ferreries;;;;
;;;A04019650-Cepa Aula de Formentera;;;;
;;;A04019651-Cepa Aula de Muro;;;;
;;;A04019652-Cepa Aula de Sant Lluís;;;;
;;;A04019653-Cepa Aula de Santa Eulària;;;;
;;;A04019654-Cepa Aula de Sóller;;;;
;;;A04019655-Cepa Aula de Son Servera;;;;
;;;A04019656-Cepa Aula del Centre Penitenciari  Maó;;;;
;;;A04019657-Cepa Aula del Centre Penitenciari Eivissa;;;;
;;;A04019658-Cepa Aula D'Es Castell;;;;
;;;A04019659-Cepa Aula D'Es Mercadal;;;;
;;;A04019660-Cepa Aula D'Es Migjorn Gran;;;;
;;;A04019661-Cepa Calvià;;;;
;;;A04019662-Cepa Camp Rodó;;;;
;;;A04019663-Cepa Ciutadella;;;;
;;;A04019664-Cepa Francesc de Borja Moll;;;;
;;;A04019665-Cepa Joan Mir I Mir;;;;
;;;A04019666-Cepa la Balanguera;;;;
;;;A04019667-Cepa Llevant;;;;
;;;A04019668-Cepa Mancomunitat Des Pla de Mallorca;;;;
;;;A04019669-Cepa Mancomunitat Des Raiguer;;;;
;;;A04019670-Cepa Pitiüses;;;;
;;;A04019671-Cepa SA Pobla;;;;
;;;A04019672-Cepa Sant Antoni;;;;
;;;A04019673-Cepa S'Arenal;;;;
;;;A04019674-Cepa Son Canals;;;;
;;;A04019675-Cepa Sud;;;;
;;;A04030893-Cifp Borja Moll;;;;
;;;A04019676-Cifp Can Marines;;;;
;;;A04030894-Cifp Centre Integrat Formació Professional Juníper Serra;;;;
;;;A04030895-Cifp Centro Integrado Formación Profesional Pau Casesnoves;;;;
;;;A04019677-Cifp Escola Nauticopesquera;;;;
;;;A04019678-Cifp Joan Taix;;;;
;;;A04019679-Cifp Per a L'Esport;;;;
;;;A04019680-Cifp Son Llebre;;;;
;;;A04019681-Cmd Conservatori Prof. Musica I Dansa de Mallorca;;;;
;;;A04019682-Cmd Conservatori Prof. Música I Dansa de Menorca;;;;
;;;A04019683-Cmd Conservatori Prof. Música I Dansa D'Eivissa I Forment. C. Bufí;;;;
;;;A04019684-Cmm Conservatori Municipal de Felanitx;;;;
;;;A04019687-Csmd Conserv. Superior de Música I Dansa de Les Illes Balears;;;;
;;;A04019688-Ea Escola D'Art de Menorca;;;;
;;;A04019689-Ea Escola D'Art D'Eivissa;;;;
;;;A04019690-Ea Escola D'Art I Superior de Disseny de Les Illes Balears;;;;
;;;A04030904-Eadisoc Equipo de Evaluació Dificultades Socialización y Comunicación Menorca;;;;
;;;A04030899-Eadisoc Equipode Evaluación Dificultades Socialización y Comunicación Mallorca;;;;
;;;A04030907-Eadivi Equipo de Atención de la Discapacidad Visual Eivissa;;;;
;;;A04030908-Eadivi Equipo de Atención de la Discapacidad Visual Mallorca;;;;
;;;A04030909-Eadivi Equipo de Atención de la Discapacidad Visual Menorca;;;;
;;;A04019691-Eap Eivissa-Formentera;;;;
;;;A04019692-Eap Formentera;;;;
;;;A04019693-Eap Llevant;;;;
;;;A04019694-Eap Menorca;;;;
;;;A04019695-Eap Palma;;;;
;;;A04019696-Eap Ponent;;;;
;;;A04019697-Eap Raiguer;;;;
;;;A04030912-Ecla Equipo Específico de Comunicación, Lenguaje y Aprendizaje;;;;
;;;A04019698-Ei Arc de San Martí;;;;
;;;A04019699-Ei Bendinat;;;;
;;;A04019700-Ei Benirràs;;;;
;;;A04019701-Ei Binipetit;;;;
;;;A04019702-Ei Ca Ses Monges;;;;
;;;A04019703-Ei Cala de Bou;;;;
;;;A04019704-Ei Cala D'Or;;;;
;;;A04019705-Ei Calvià Vila;;;;
;;;A04019706-Ei Campanet;;;;
;;;A04019707-Ei Can Alonso;;;;
;;;A04019708-Ei Can Cantó;;;;
;;;A04019709-Ei Can Coix;;;;
;;;A04029720-Ei Can Nebot;;;;
;;;A04019710-Ei Cap de Creus;;;;
;;;A04019711-Ei Card;;;;
;;;A04019712-Ei Cas Serres;;;;
;;;A04019713-Ei Ciutat Antiga;;;;
;;;A04019714-Ei Colònia de Sant Jordi;;;;
;;;A04019715-Ei Cucarells;;;;
;;;A04019716-Ei D'Esporles;;;;
;;;A04019717-Ei el Sol;;;;
;;;A04019718-Ei Els Llapis;;;;
;;;A04019719-Ei Eriçons;;;;
;;;A04019720-Ei Es Busquerets;;;;
;;;A04019721-Ei Es Castell;;;;
;;;A04019722-Ei Es Fabiol;;;;
;;;A04019723-Ei Es Fameliar;;;;
;;;A04019724-Ei Es Faralló;;;;
;;;A04019725-Ei Es Ferreret;;;;
;;;A04019726-Ei Es Fiets;;;;
;;;A04019727-Ei Es Molinar;;;;
;;;A04019728-Ei Es Molinet;;;;
;;;A04019729-Ei Es Mussol;;;;
;;;A04019730-Ei Es Nieró;;;;
;;;A04019731-Ei Es Passerells;;;;
;;;A04019732-Ei Es Pi Gros;;;;
;;;A04019733-Ei Es Picarol;;;;
;;;A04019734-Ei Es Poriol;;;;
;;;A04019735-Ei Es Pouet;;;;
;;;A04019736-Ei Es Roser;;;;
;;;A04019737-Ei Es Saluet;;;;
;;;A04019982-Ei Es Soleiet;;;;
;;;A04019739-Ei Es Vedellet;;;;
;;;A04019740-Ei Es Vedranell;;;;
;;;A04019741-Ei Es Verger;;;;
;;;A04019742-Ei Escoleta Municipal de Santa Eugènia;;;;
;;;A04019743-Ei Estrella de Mar;;;;
;;;A04019744-Ei Ferreries;;;;
;;;A04019745-Ei Flor de Murta;;;;
;;;A04019746-Ei Fort de L'Eau;;;;
;;;A04019747-Ei Francesc de Borja Moll;;;;
;;;A04019748-Ei Huialfàs;;;;
;;;A04019749-Ei Joguina;;;;
;;;A04019750-Ei la Gola;;;;
;;;A04019751-Ei la Miranda;;;;
;;;A04019752-Ei Lloret;;;;
;;;A04019753-Ei Magaluf;;;;
;;;A04019754-Ei Magdalena Humbert;;;;
;;;A04019755-Ei Maria Mut I Mandilego;;;;
;;;A04019756-Ei Menuts;;;;
;;;A04019757-Ei Montaura;;;;
;;;A04019758-Ei Na Burguesa;;;;
;;;A04019759-Ei Na Pol;;;;
;;;A04019760-Ei Nins I Nines;;;;
;;;A04019761-Ei Ocell del Paradís;;;;
;;;A04019762-Ei Palmanova;;;;
;;;A04019763-Ei Paula Torres;;;;
;;;A04019764-Ei Penya-Segat;;;;
;;;A04019765-Ei Pere Oliver I Domenge;;;;
;;;A04019766-Ei Pont D'Inca Nou;;;;
;;;A04019767-Ei Pou de SA Lluna;;;;
;;;A04019768-Ei Roser Gener;;;;
;;;A04019769-Ei SA Galera;;;;
;;;A04019770-Ei SA Gallineta Rossa;;;;
;;;A04019771-Ei SA Graduada;;;;
;;;A04019772-Ei SA Miloca;;;;
;;;A04019773-Ei SA Pilota;;;;
;;;A04019774-Ei SA Rota;;;;
;;;A04019775-Ei SA Sitra;;;;
;;;A04019776-Ei SA Torre (CEIP);;;;
;;;A04019777-Ei Sant Climent 1;;;;
;;;A04019778-Ei Sant Climent 2;;;;
;;;A04019779-Ei Santa Catalina;;;;
;;;A04019780-Ei Santa Creu;;;;
;;;A04019781-Ei Santa Margalida;;;;
;;;A04019782-Ei Santa Ponça;;;;
;;;A04019783-Ei Santanyí;;;;
;;;A04019784-Ei S'Arenal;;;;
;;;A04019785-Ei Sencelles;;;;
;;;A04019786-Ei Ses Alzinetes;;;;
;;;A04019787-Ei Ses Canaletes;;;;
;;;A04019788-Ei Ses Cases Noves;;;;
;;;A04019789-Ei Ses Païsses;;;;
;;;A04019790-Ei S'Escoleta de Vila;;;;
;;;A04019791-Ei S'Estol del Rei en Jaume;;;;
;;;A04019792-Ei Sóller;;;;
;;;A04019793-Ei Son Boga;;;;
;;;A04019794-Ei Son Carrió;;;;
;;;A04019795-Ei Son Espanyolet;;;;
;;;A04019796-Ei Son Ferriol;;;;
;;;A04019797-Ei Son Fuster Nou;;;;
;;;A04019798-Ei Son Roca;;;;
;;;A04019799-Ei Taperons;;;;
;;;A04019800-Ei Toninaina;;;;
;;;A04019801-Ei Valldemossa;;;;
;;;A04019802-Ei Verge de la Salut;;;;
;;;A04019803-Ei Virgen de Loreto;;;;
;;;A04019804-Ei Xibit;;;;
;;;A04019805-Eoep Campos;;;;
;;;A04019806-Eoep Eivissa;;;;
;;;A04019807-Eoep Inca;;;;
;;;A04019808-Eoep Manacor;;;;
;;;A04019809-Eoep Menorca;;;;
;;;A04019810-Eoep Palma I;;;;
;;;A04019811-Eoep Palma II;;;;
;;;A04019812-Eoi Escola Oficial D'Idiomes  de Palma;;;;
;;;A04019813-Eoi Escola Oficial D'Idiomes a Calvià;;;;
;;;A04019814-Eoi Escola Oficial D'Idiomes de Ciutadella;;;;
;;;A04019815-Eoi Escola Oficial D'Idiomes de Manacor;;;;
;;;A04019816-Eoi Escola Oficial D'Idiomes de Maó;;;;
;;;A04019817-Eoi Escola Oficial D'Idiomes D'Eivissa;;;;
;;;A04019818-Eoi Escola Oficial D'Idiomes D'Inca;;;;
;;;A04030914-Eoi- Extens Ampliación Eoi de Ibiza a Sant Antoni de Portmany;;;;
;;;A04019819-Esad Escola Sup. D'Art Dramàtic Illes Balears (ESADIB);;;;
;;;A04019820-IES Albuhaira;;;;
;;;A04019821-IES Alcúdia;;;;
;;;A04019822-IES Algarb;;;;
;;;A04019823-IES Antoni Maura;;;;
;;;A04019824-IES Arxiduc Lluís Salvador;;;;
;;;A04019825-IES Aurora Picornell;;;;
;;;A04019826-IES Balàfia;;;;
;;;A04019827-IES Baltasar Porcel;;;;
;;;A04019828-IES Bendinat;;;;
;;;A04019829-IES Berenguer D'Anoia;;;;
;;;A04019830-IES Biel Martí;;;;
;;;A04019831-IES Binissalem;;;;
;;;A04019832-IES Calvià;;;;
;;;A04022538-IES Can Balo;;;;
;;;A04019833-IES Can Peu Blanc;;;;
;;;A04019834-IES Cap de Llevant;;;;
;;;A04019835-IES Capdepera;;;;
;;;A04019836-IES Centre de Tecnificació Esportiva Ib;;;;
;;;A04019837-IES Clara Hammerl;;;;
;;;A04019838-IES Damià Huguet;;;;
;;;A04019839-IES Emili Darder;;;;
;;;A04019840-IES Felanitx;;;;
;;;A04019841-IES Francesc de Borja Moll;;;;
;;;A04019842-IES Guillem Cifre de Colonya;;;;
;;;A04019843-IES Guillem Colom Casasnoves;;;;
;;;A04019844-IES Guillem Sagrera;;;;
;;;A04030915-IES Inca;;;;
;;;A04030916-IES Instituto de Enseñanzas a Distancia de les Illes Balears;;;;
;;;A04019845-IES Isidor Macabich;;;;
;;;A04019846-IES Joan Alcover;;;;
;;;A04019847-IES Joan Maria Thomàs;;;;
;;;A04019848-IES Joan Ramis I Ramis;;;;
;;;A04019849-IES Josep Font I Trias;;;;
;;;A04019850-IES Josep Maria Llompart;;;;
;;;A04019851-IES Josep Maria Quadrado;;;;
;;;A04019852-IES Josep Miquel Guàrdia;;;;
;;;A04019853-IES Josep Sureda I Blanes;;;;
;;;A04019854-IES Juníper Serra;;;;
;;;A04019855-IES la Ribera;;;;
;;;A04019856-IES Llorenç Garcias I Font;;;;
;;;A04019857-IES Llucmajor;;;;
;;;A04019858-IES Madina Mayurqa;;;;
;;;A04019859-IES Manacor;;;;
;;;A04019860-IES Marc Ferrer;;;;
;;;A04019861-IES Maria Àngels Cardona;;;;
;;;A04019862-IES Marratxí;;;;
;;;A04019863-IES Mossèn Alcover;;;;
;;;A04030917-IES Nou Llevant;;;;
;;;A04019864-IES Pasqual Calbó I Caldés;;;;
;;;A04019865-IES Pau Casesnoves;;;;
;;;A04019866-IES Politècnic;;;;
;;;A04019867-IES Porreres;;;;
;;;A04019868-IES Port D'Alcúdia;;;;
;;;A04019869-IES Porto Cristo;;;;
;;;A04019870-IES Puig de SA Font;;;;
;;;A04019871-IES Quartó de Portmany;;;;
;;;A04019872-IES Quartó del Rei;;;;
;;;A04019873-IES Ramon Llull;;;;
;;;A04019874-IES Sa Blanca Dona;;;;
;;;A04019875-IES Sa Colomina;;;;
;;;A04019876-IES Sa Serra;;;;
;;;A04019877-IES Sant Agustí;;;;
;;;A04019878-IES Sant Marçal;;;;
;;;A04019879-IES Santa Margalida;;;;
;;;A04019880-IES Santa Maria;;;;
;;;A04019881-IES Santa Maria D'Eivissa;;;;
;;;A04019882-IES Santanyí;;;;
;;;A04019883-IES S'Arenal;;;;
;;;A04019884-IES Ses Estacions;;;;
;;;A04019885-IES Sineu;;;;
;;;A04030918-IES Son Cladera;;;;
;;;A04019886-IES Son Ferrer;;;;
;;;A04019887-IES Son Pacs;;;;
;;;A04019888-IES Son Rullan;;;;
;;;A04019889-IES Xarc;;;;
;;;A04024883-Instituto de Enseñanzas a Distancia de las Illes Balears;;;;
;;A04026925-Dirección General de Primera Infancia, Innovación y Comunidad Educativa;;;;;
;;;A04019954-Archivo y Museo de la Educación de Les Illes Balears;;;;
;;A04005620-Fundación para los Estudios Superiores de Música y Artes Escénicas de las Illes Balears;;;;;
;;A04003715-Instituto Balear de Infraestructuras y Servicios Educativos y Culturales(IBISEC);;;;;
;;A04027072-Instituto de Evaluación y Calidad del Sistema Educativo;;;;;
;;A04027070-Instituto para la Convivencia y el Éxito Escolar;;;;;
;;A04027071-Instituto para la Educación de la Primera Infancia;;;;;
;;A04026976-Secretaría Autonómica de Universidad e Investigación;;;;;
;;;A04026977-Dirección General de Política Lingüística;;;;
;;;A04026978-Dirección General de Política Universitaria e Investigación;;;;
;;A04005614-Secretaría General Educación, Universidad e Invest.;;;;;
;A04026911-Consejería de Hacienda y Relaciones Exteriores;;;;;;
;;A04013587-Agencia Tributaria Islas Baleares (ATIB);;;;;
;;;A04019919-Area de Auditoria, Produccion Estadística y de Inspeccion de Servicios;;;;
;;;A04019926-Área de Inspección y Control Tributario;;;;
;;;A04019924-Área de Recaudación de Ingresos Públicos y de Coordinación con las Haciendas Locales.;;;;
;;;A04026307-Área de Recursos Humanos;;;;
;;;A04019920-Area de Sistemas, Tecnologias de la Información y Comunicación;;;;
;;;A04019921-Área Económico-Financiera;;;;
;;;A04028978-Área Jurídica;;;;
;;;A04019927-Delegación de la Atib de Ibiza;;;;
;;;A04019928-Delegación de la Atib de Menorca;;;;
;;;A04019917-Dirección de la Atib;;;;
;;;A04024899-Servicio de Información;;;;
;;;A04024898-Servicio de Recaudación Ejecutiva;;;;
;;;A04024897-Servicio de Recaudación Voluntaria;;;;
;;;A04024895-Servicio de Sucesiones y Donaciones;;;;
;;;A04024894-Servicio de Transmisiones Patrimoniales;;;;
;;;A04024953-Servicio del Canon de Saneamiento de Aguas;;;;
;;;A04024896-Servicio del Impuesto Turístico;;;;
;;A04027065-Centro Baleares Europa;;;;;
;;A04027395-Dirección General de Cooperación Local y Patrimonio;;;;;
;;;A04027396-Junta Consultiva de Contratación Administrativa;;;;
;;;A04032529-Servicio de Corporaciones Locales;;;;
;;A04026912-Dirección General de Financiación;;;;;
;;A04026918-Dirección General de Fondos Europeos;;;;;
;;A04026913-Dirección General de Presupuestos;;;;;
;;A04027003-Dirección General de Relaciones Exteriores;;;;;
;;A04027397-Dirección General del Tesoro y Política Financiera;;;;;
;;;A04027398-Isba, Sociedad de Garantia Recíproca;;;;
;;A04013590-Intervencion General de la Caib;;;;;
;;A04013592-Junta Superior de Hacienda;;;;;
;;A04027068-Secretaria General de Hacienda y Relaciones Exteriores;;;;;
;A04026953-Consejería de Medio Ambiente y Territorio;;;;;;
;;A04013559-Agencia Balear del Agua y la Calidad Ambiental (ABAQUA);;;;;
;;A04022933-Comisión de Medio Ambiente de las Illes Balears;;;;;
;;A04013558-Consorcio de Aguas de Les Illes Balears;;;;;
;;A04027060-Consorcio Desarrollo de Infraestructuras Palmanyola;;;;;
;;A04013557-Consorcio para la Recuperación de la Fauna Illes Balears (COFIB);;;;;
;;A04013554-Dirección General de Espacios Naturales y Biodiversidad;;;;;
;;A04013551-Dirección General de Recursos Hídricos;;;;;
;;A04026956-Dirección General de Residuos y Educación Ambiental;;;;;
;;A04026958-Dirección General de Territorio y Paisaje;;;;;
;;A04013549-Fundación Jardin Botánico de Sóller;;;;;
;;A04013548-Instituto Balear de la Naturaleza (IBANAT);;;;;
;;A04013547-Parque Nacional de Cabrera;;;;;
;;A04013546-Secretaría General Medio Ambiente y Territorio;;;;;
;;A04027058-Servicio de Información Territorial de Les Illes Balears (SITIBSA);;;;;
;A04026960-Consejería de Modelo Económico, Turismo y Trabajo;;;;;;
;;A04003749-Agencia de Estrategia Turística de las Islas Baleares (AETIB);;;;;
;;A04019953-Consejero de Innovación, Investigación y Turismo;;;;;
;;A04027399-Consorcio de Infraestructuras de Les Illes Balears;;;;;
;;A04005874-Consorcio para la Mejora de las Insfraestructuras Turísticas y Fomento de la Desestacionalización de la Oferta en la Isla de Mallorca (consorcio Bolsa de Alojamientos Turísticos);;;;;
;;A04005873-Consorcio para la Mejora y el Embellecimiento de la Playa de Palma;;;;;
;;A04005877-Consorcio Plan D-Llucmajor;;;;;
;;A04026962-Dirección General de Modelo Económico y Empleo;;;;;
;;A04026967-Dirección General de Promoción Económica, Emprendimiento y Economia Social y Circular;;;;;
;;A04026968-Dirección General de Trabajo y Salud Laboral;;;;;
;;;A04026969-Departamento de Relaciones Laborales;;;;
;;A04003746-Dirección General de Turismo;;;;;
;;A04027066-Escuela de Hoteleria de Les Illes Balears;;;;;
;;A04027077-Fundación Tribunal de Arbitraje y Mediación de les Illes Balears (TAMIB);;;;;
;;A04027064-Instituto Balear de Seguridad y Salud Laboral (IBASSAL);;;;;
;;;A04027316-Servicio Administrativo;;;;
;;;A04027315-Servicio de Salud Laboral;;;;
;;A04027063-Instituto de Estadística de las Islas Baleares (IBESTAT);;;;;
;;A04005876-Palacio de Congresos de Palma S.A.;;;;;
;;A04003745-Secretaría General Model Econòmic, Turismo y Trabajo;;;;;
;;A04027061-Servicio de Ocupación de las Islas Baleares (SOIB);;;;;
;;;A04030896-Cifp_crn Mar_crn en Nautica;;;;
;A04026937-Consejería de Movilidad y Vivienda;;;;;;
;;A04013575-Consorcio de Transportes de Mallorca;;;;;
;;A04013573-Consorcio Formentera Desarrollo;;;;;
;;A04013572-Consorcio Local entre la Caib y el Ayuntamiento de SA Pobla;;;;;
;;A04013571-Consorcio Mobilidad por Eivissa;;;;;
;;A04013570-Consorcio para la Reconversión Territorial y Paisajística de Eivissa;;;;;
;;A04013616-Consorcio Penya-Segats del Port de Maó;;;;;
;;A04026938-Dirección General de Arquitectura y Rehabilitación;;;;;
;;A04026941-Dirección General de Movilidad y Transporte Terrestre;;;;;
;;A04026940-Dirección General de Transporte Marítimo y Aéreo;;;;;
;;A04026939-Dirección General de Vivienda;;;;;
;;A04013564-Gestión Urbanística de Baleares;;;;;
;;A04013563-Instituto Balear de la Vivienda (IBAVI);;;;;
;;A04013624-Puertos de las Islas Baleares;;;;;
;;A04027073-Secretaría General de Movilidad y Vivienda;;;;;
;;A04013561-Servicios Ferroviarios de Mallorca (SFM);;;;;
;A04027007-Consejería de Presidencia, Cultura e Igualdad;;;;;;
;;A04027008-Consejera de Presidencia ;;;;;
;;A04027021-Consorcio Castell de Sant Carles;;;;;
;;A04027022-Consorcio Ciudad Romana de Pollentia;;;;;
;;A04027023-Consorcio Eivissa Patrimonio de la Humanidad;;;;;
;;A04027024-Consorcio Museo Militar de Menorca;;;;;
;;A04027025-Consorcio para el Desarrollo Deportivo de Ciutadella;;;;;
;;A04027026-Consorcio Trofeo S.A.R. Princesa Sofia-Mapfre;;;;;
;;A04027028-Delegación de la Presidencia para la Cultura;;;;;
;;;A04027029-Archivo General de la Administración;;;;
;;;A04027030-Museo de Mallorca y Sección Etnológica de Muro;;;;
;;A04027009-Dirección de la Abogacía de la Comunidad Autónoma;;;;;
;;A04027010-Dirección General de Comunicación;;;;;
;;A04027011-Dirección General de Coordinación;;;;;
;;A04027012-Dirección General de Derechos y Diversidad;;;;;
;;A04027013-Dirección General de Relaciones Institucionales y con el Parlamento;;;;;
;;;A04027394-Instituto de Estudios Autonómicos;;;;
;;A04027032-Fundación Área de Creación Acústica;;;;;
;;A04027033-Fundación del Museo y Centro Cultural de Formentera;;;;;
;;A04027034-Fundación Es Baluard Museo de Arte Moderno y Contemporáneo;;;;;
;;A04027035-Fundación Juegos Mundiales Universitarios Universiada-Palma de Mallorca 1999;;;;;
;;A04027036-Fundación Menorquina de la Ópera;;;;;
;;A04027037-Fundación Orquesta Sinfónica Illes Balears;;;;;
;;A04027014-Fundación para la Práctica Jurídica;;;;;
;;A04027039-Fundación Robert Graves;;;;;
;;A04027015-Fundación Santuario de Lluc;;;;;
;;A04027040-Fundación Teatro del Mar;;;;;
;;A04027041-Fundación Teatro Principal de Inca;;;;;
;;A04027016-Instituto Balear de la Mujer;;;;;
;;A04027043-Instituto de Estudios Baleáricos;;;;;
;;A04027044-Instituto de Indústrias Culturales de las Illes Balears;;;;;
;;A04027045-Radio de Les Illes Balears;;;;;
;;A04027018-Secretaría General Consejería Presidencia, Cultura e Igualdad;;;;;
;;;A04027019-Butlletí Oficial de Les Illes Balears;;;;
;;A04027047-Televisión de Les Illes Balears;;;;;
;A04026919-Consejería de Salud y Consumo;;;;;;
;;A04013529-Dirección General de Consumo;;;;;
;;;A04013530-Junta Arbitral de Consumo de la C.A. de las Islas Baleares;;;;
;;A04026922-Dirección General de Investigación en Salud, Formación y Acreditación;;;;;
;;A04026920-Dirección General de Prestaciones y Farmacia;;;;;
;;A04026921-Dirección General de Salud Pública y Participación;;;;;
;;A04005605-Fundación Banco de Sangre y Tejidos de Les Illes Balears;;;;;
;;A04005606-Fundación Instituto Investigación Sanitaria de las Illes Balears;;;;;
;;A04003751-Secretaría General Salud y Consumo;;;;;
;;;A04022387-Departamento de Gestión Económica de la Consejería de Salud;;;;
;;;A04022386-Departamento Jurídico de la Consejería de Salud;;;;
;;A04003754-Servicio de Salud de las Islas Baleares (IB-SALUT);;;;;
;;;A04005005-Area de Salud de Eivissa y Formentera;;;;
;;;;A04005008-Hospital Can Misses;;;
;;;;A04005009-Hospital de Formentera;;;
;;;A04005004-Area de Salud de Menorca;;;;
;;;A04006334-Dirección General del Ibsalut;;;;
;;;;A04022240-Dirección de Asistencia Sanitaria;;;
;;;;;A04022263-Inspección Médica;;
;;;;;A04022260-Servicio de Farmacia;;
;;;;;A04026457-Servicio de Prestaciones;;
;;;;;A04022261-Servicio de Targeta Sanitaria;;
;;;;;A04022262-Servicio Dental Comunitario - Padi;;
;;;;;A04022255-Subdirección de Atención a la Cronicidad, Coordinación Sociosanitaria y Enfermedades Poco Frecuentes;;
;;;;;A04022252-Subdirección de Atención Hospitalaria y Salud Mental;;
;;;;;A04029779-Subdirección de Atención Primaria y Atención a las Urgencias Extrahospitalarias;;
;;;;;A04022253-Subdirección de Cartera de Servicios;;
;;;;;A04029514-Subdirección de Cuidados Asistenciales;;
;;;;;A04029547-Subdirección de Humanización, Atención al Usuario y Formación;;
;;;;;;A04029548-Servicio de Atención al Usuario del Ibsalut;
;;;;;;A04029549-Servicio de Formación del Personal del Ibsalut;
;;;;A04029517-Dirección de Gestión y Presupuestos;;;
;;;;;A04029530-Dirección de Área de Coordinación Administrativa;;
;;;;;;A04029559-Departamento de Contratación del Ibsalut;
;;;;;;A04029560-Departamento Jurídico Administrativo del Ibsalut;
;;;;;;A04029561-Servicio de Conciertos;
;;;;;;A04029562-Servicio de Responsabilidad Patrimonial;
;;;;;;A04029531-Subdirección de Compras y Logística del Ibsalut;
;;;;;;;A04029532-Servicio Central de Compras del Ibsalut
;;;;;;;A04029533-Servicio de Planificación de Compras, Contratación Centralizada y Acuerdos Marcos
;;;;;;A04029542-Subdirección de Infraestructuras y Servicios Generales;
;;;;;;;A04029543-Servicio de Servicios Generales y Tecnologías Sanitarias
;;;;;;A04029563-Unidad de Intereses de Demora;
;;;;;;A04029564-Unidad de Reconocimiento Extrajudicial de Crédito;
;;;;;A04029518-Dirección de Área de Profesionales y Relaciones Laborales;;
;;;;;;A04029570-Servicio de Retribuciones y Costes de Personal;
;;;;;;A04029520-Servicio del Área de Personal de los Servicios Centrales;
;;;;;;A04029525-Subdirección de Gestión de Personal;
;;;;;;;A04029566-Servicio de Administración de Personal del Ibsalut
;;;;;;;A04029526-Servicio de Evaluación y Carrera Profesional
;;;;;;;A04029527-Servicio de Oposiciones y Concursos del Ibsalut
;;;;;;;A04029567-Servicio del Personal Estatutario
;;;;;;;A04029568-Servicio del Régimen Jurídico del Personal Estatutario
;;;;;;A04029546-Subdirección de Relaciones Laborales;
;;;;;A04029554-Subdirección de Presupuestos y Control del Gasto;;
;;;;;;A04029555-Servicio de Control de Gestión del Ibsalut;
;;;;;A04029556-Subdirección de Tecnología de la Información;;
;;;;;;A04029557-Gabinete Técnico de Tecnologías y Sistemas de la Información;
;;;;;;A04029558-Gestión Otic de Tecnologías y Sistemas de la Información;
;;;A04006333-Gerencia de Atención Primaria de Mallorca;;;;
;;;A04006332-Gerencia del Servicio de Urgencias 061;;;;
;;;A04023687-Gestión Sanitaria y Asistencial de las Illes Balears;;;;
;;;A04005006-Hospital Comarcal de Inca;;;;
;;;A04005007-Hospital de Manacor;;;;
;;;A04014358-Hospital General de Mallorca;;;;
;;;A04014364-Hospital Joan March;;;;
;;;A04005010-Hospital Mateu Orfila;;;;
;;;A04005002-Hospital Son Llatzer;;;;
;;;A04005003-Hospital Universitario Son Espases;;;;
;;;A04014361-Recinto Hospitalización Area Salud Mental;;;;
;A04026972-Consejería de Transición Energética y Sectores Productivos;;;;;;
;;A04026974-Dirección General de Comercio;;;;;
;;;A04024209-Servicio de Comercio;;;;
;;;A04024211-Servicio de Juego;;;;
;;;A04024210-Servicio de Promoción Empresarial;;;;
;;A04026975-Dirección General de Energía y Cambio Climático;;;;;
;;A04026973-Dirección General de Innovación;;;;;
;;A04013536-Dirección General de Política Industrial;;;;;
;;;A04024190-Servicio de la Udit, la ITV y el Registro Industrial;;;;
;;;A04024191-Servicio de Minas;;;;
;;;A04024192-Servicio de Seguridad Industrial;;;;
;;;A04024193-Servicio de Seguridad Nuclear;;;;
;;A04022058-Gabinete de la Consejería de Trabajo, Comercio e Indústria;;;;;
;;A04027076-Instituto Balear de la Energía;;;;;
;;A04003714-Instituto de Innovación Empresarial de las Islas Baleares (IDI);;;;;
;;A04003726-Secretaría General Transición Energética y Sec. Prod.;;;;;
;;;A04022056-Departamento de Contratación de la Secretaria General de Trabajo, Comercio e Industria;;;;
;;;A04022057-Departamento de Gestión Económica de la Secretaria General de Transición Energética y Sectores Productivos;;;;
;;;A04022054-Departamento de Secretaria de la Secretaria General de Trabajo, Comercio e Industria;;;;
;;;A04022055-Departamento Jurídico de la Secretaria General de Trabajo, Comercio e Industria;;;;
;A04006737-Consejo Consultivo de las Islas Baleares;;;;;;
;A04022613-Consejo Económico y Social (CES);;;;;;
;A04019898-Presidencia Gobierno Islas Baleares;;;;;;
